{"flow_name": null, "flow_id": null, "session_id": "13d84853-9a01-41b4-9a10-465fa2e75f1a", "session_name": null, "start_time": 1774737080.2492056, "end_time": 1774737080.255411, "runs": []}